"Model","Accuracy","Sensitivity","Specificity","Precision","F1","AUC"
"Random Forest",0.885454545454545,0.950331125827815,0.806451612903226,0.856716417910448,0.901098901098901,0.958569215979493
"SVM",0.881818181818182,0.923841059602649,0.830645161290323,0.869158878504673,0.895666131621188,0.944296090578937
