"Model","Accuracy","Sensitivity","Specificity","Precision","F1","AUC"
"Random Forest",0.932727272727273,0.966887417218543,0.891129032258065,0.915360501567398,0.940418679549114,0.989358577227088
"SVM",0.881818181818182,0.923841059602649,0.830645161290323,0.869158878504673,0.895666131621188,0.944296090578936
