"Model","Accuracy","Sensitivity","Specificity","Precision","F1","AUC"
"Random Forest",0.818181818181818,0.854304635761589,0.774193548387097,0.821656050955414,0.837662337662338,0.90414708395642
"SVM",0.883636363636364,0.910596026490066,0.850806451612903,0.881410256410256,0.895765472312704,0.941331980346081
