"Model","Accuracy","Sensitivity","Specificity","Precision","F1","AUC"
"Random Forest",0.829090909090909,0.884105960264901,0.762096774193548,0.819018404907976,0.85031847133758,0.905348750267038
"SVM",0.881818181818182,0.923841059602649,0.830645161290323,0.869158878504673,0.895666131621188,0.944296090578937
