"Dataset","Accuracy","Sensitivity","Specificity","Precision","F1","AUC"
"Train_RF",0.88,0.93046357615894,0.818548387096774,0.861963190184049,0.894904458598726,0.938661610766931
"Val_RF",0.869565217391304,0.907407407407407,0.81578947368421,0.875,0.890909090909091,0.941033138401559
"Train_SVM",0.883636363636364,0.93046357615894,0.826612903225806,0.867283950617284,0.89776357827476,0.945163960692161
"Val_SVM",0.875,0.87962962962963,0.868421052631579,0.904761904761905,0.892018779342723,0.923854775828459
